{
    "best_model": "XGBoost",
    "feature_columns": [
        "PM2.5",
        "PM10",
        "NO2",
        "SO2",
        "CO",
        "O3"
    ],
    "results": {
        "Linear Regression": {
            "r2": 0.8409232102137368,
            "rmse": 35.94068062943072
        },
        "Random Forest": {
            "r2": 0.9037754089851291,
            "rmse": 27.952839132142387
        },
        "XGBoost": {
            "r2": 0.908523096727502,
            "rmse": 27.254524868987204
        }
    }
}